{
    "MasterVolume": 1.0,
    "MusicVolume": 0.8426165580749512,
    "SfxVolume": 0.7025738954544067
}