{
    "MasterVolume": 0.8058556914329529,
    "MusicVolume": 0.8321135640144348,
    "SfxVolume": 0.7708446979522705
}