{
    "MasterVolume": 0.000009999999747378752,
    "SfxVolume": 0.7708446979522705,
    "MusicVolume": 0.2631903290748596
}