{
    "Name": "Maximo De Biu",
    "Color": {
        "r": 0.7333333492279053,
        "g": 0.6000000238418579,
        "b": 0.5764706134796143,
        "a": 1.0
    },
    "Highscore": 7
}