{
    "Name": "Roberto",
    "Color": {
        "r": 0.13725490868091584,
        "g": 0.20392157137393952,
        "b": 0.33725491166114809,
        "a": 1.0
    },
    "Highscore": 2
}